<?xml version="1.0" encoding="UTF-8"?>
<beans:beans
	xmlns="http://www.springframework.org/schema/mvc"
	xmlns:xsi="http://www.w3.org/2001/XMLSchema-instance"
	xmlns:beans="http://www.springframework.org/schema/beans"
	xmlns:context="http://www.springframework.org/schema/context"
	xsi:schemaLocation="http://www.springframework.org/schema/mvc
http://www.springframework.org/schema/mvc/spring-mvc-3.1.xsd
http://www.springframework.org/schema/beans http://www.springframework.org/schema/beans/spring-beans-3.1.xsd
http://www.springframework.org/schema/context http://www.springframework.org/schema/context/spring-context-3.1.xsd">

	<!-- DispatcherServlet Context: defines this servlet's request-processing 
		infrastructure -->

	<resources mapping="/resources/**" location="/resources/" />

	<!-- Enables the Spring MVC @Controller programming model -->
	<annotation-driven />


	<beans:bean id="custService"
		class="com.hcl.bank.service.CustomerServiceImpl" />
	<beans:bean id="customerDAO"
		class="com.hcl.bank.DAO.CustomerDAOImpl" />

	<beans:bean id="customer" class="com.hcl.model.Customer" />
	<context:component-scan
		base-package="com.hcl.bank.service" />
	<context:component-scan
		base-package="com.hcl.bank.DAO" />

	<context:component-scan
		base-package="com.hcl.model" />
	<beans:bean id="jdbcTemplate"
		class="org.springframework.jdbc.core.JdbcTemplate">
		<beans:property name="dataSource" ref="datasource" />
	</beans:bean>

	<beans:bean id="datasource"
		class="org.springframework.jdbc.datasource.DriverManagerDataSource">
		<beans:property name="driverClassName"
			value="com.mysql.jdbc.Driver" />
		<beans:property name="url"
			value="jdbc:mysql://localhost:3306/bankdb" />
		<beans:property name="username" value="root" />
		<beans:property name="password" value="root" />
	</beans:bean>
	<!-- Handles HTTP GET requests for /resources/** by efficiently serving 
		up static resources in the ${webappRoot}/resources directory -->

	<beans:bean id="messageSource"
		class="org.springframework.context.support.ReloadableResourceBundleMessageSource">
		<beans:property name="basename"
			value="classpath:message" />
		<beans:property name="defaultEncoding" value="UTF-8" />
	</beans:bean>

	<!-- Handles HTTP GET requests for /resources/** by efficiently serving 
		up static resources in the ${webappRoot}/resources directory -->
	<resources mapping="/resources/**" location="/resources/" />

	<!-- Resolves views selected for rendering by @Controllers to .jsp resources 
		in the /WEB-INF/views directory -->
	<beans:bean
		class="org.springframework.web.servlet.view.InternalResourceViewResolver">
		<beans:property name="prefix" value="/WEB-INF/views/" />
		<beans:property name="suffix" value=".jsp" />
	</beans:bean>

	<context:component-scan
		base-package="com.hcl.bank" />



</beans:beans>
